{
  "en": {
    "states": [
      "Madhya Pradesh",
      "Uttar Pradesh",
      "Maharashtra",
      "Telangana",
      "Delhi"
    ],
    "districts": {
      "Madhya Pradesh": [
        "Agar Malwa",
        "Alirajpur",
        "Anuppur",
        "Ashoknagar",
        "Balaghat",
        "Barwani",
        "Betul",
        "Bhind",
        "Bhopal",
        "Burhanpur",
        "Chhatarpur",
        "Chhindwara",
        "Damoh",
        "Datia",
        "Dewas",
        "Dhar",
        "Dindori",
        "Guna",
        "Gwalior",
        "Harda",
        "Hoshangabad",
        "Indore",
        "Jabalpur",
        "Jhabua",
        "Katni",
        "Khandwa",
        "Khargone",
        "Mandla",
        "Mandsaur",
        "Morena",
        "Narsinghpur",
        "Neemuch",
        "Panna",
        "Raisen",
        "Rajgarh",
        "Ratlam",
        "Rewa",
        "Sagar",
        "Satna",
        "Sehore",
        "Seoni",
        "Shahdol",
        "Shajapur",
        "Sheopur",
        "Shivpuri",
        "Sidhi",
        "Singrauli",
        "Tikamgarh",
        "Ujjain",
        "Umaria",
        "Vidisha"
      ],

      "Uttar Pradesh": [
        "Agra",
        "Aligarh",
        "Ambedkar Nagar",
        "Amethi",
        "Amroha",
        "Auraiya",
        "Ayodhya",
        "Azamgarh",
        "Baghpat",
        "Bahraich",
        "Ballia",
        "Balrampur",
        "Banda",
        "Barabanki",
        "Bareilly",
        "Basti",
        "Bhadohi",
        "Bijnor",
        "Budaun",
        "Bulandshahr",
        "Chandauli",
        "Chitrakoot",
        "Deoria",
        "Etah",
        "Etawah",
        "Farrukhabad",
        "Fatehpur",
        "Firozabad",
        "Gautam Buddha Nagar",
        "Ghaziabad",
        "Ghazipur",
        "Gonda",
        "Gorakhpur",
        "Hamirpur",
        "Hapur",
        "Hardoi",
        "Hathras",
        "Jalaun",
        "Jaunpur",
        "Jhansi",
        "Kannauj",
        "Kanpur Dehat",
        "Kanpur Nagar",
        "Kasganj",
        "Kaushambi",
        "Kheri",
        "Kushinagar",
        "Lalitpur",
        "Lucknow",
        "Maharajganj",
        "Mahoba",
        "Mainpuri",
        "Mathura",
        "Mau",
        "Meerut",
        "Mirzapur",
        "Moradabad",
        "Muzaffarnagar",
        "Pilibhit",
        "Pratapgarh",
        "Prayagraj",
        "Raebareli",
        "Rampur",
        "Saharanpur",
        "Sambhal",
        "Sant Kabir Nagar",
        "Shahjahanpur",
        "Shamli",
        "Shravasti",
        "Siddharthnagar",
        "Sitapur",
        "Sonbhadra",
        "Sultanpur",
        "Unnao",
        "Varanasi"
      ],

      "Maharashtra": [
        "Ahmednagar",
        "Akola",
        "Amravati",
        "Aurangabad",
        "Beed",
        "Bhandara",
        "Buldhana",
        "Chandrapur",
        "Dhule",
        "Gadchiroli",
        "Gondia",
        "Hingoli",
        "Jalgaon",
        "Jalna",
        "Kolhapur",
        "Latur",
        "Mumbai City",
        "Mumbai Suburban",
        "Nagpur",
        "Nanded",
        "Nandurbar",
        "Nashik",
        "Osmanabad",
        "Palghar",
        "Parbhani",
        "Pune",
        "Raigad",
        "Ratnagiri",
        "Sangli",
        "Satara",
        "Sindhudurg",
        "Solapur",
        "Thane",
        "Wardha",
        "Washim",
        "Yavatmal"
      ],

      "Telangana": [
        "Adilabad",
        "Bhadradri Kothagudem",
        "Hyderabad",
        "Jagtial",
        "Jangaon",
        "Jayashankar Bhupalpally",
        "Jogulamba Gadwal",
        "Kamareddy",
        "Karimnagar",
        "Khammam",
        "Kumuram Bheem Asifabad",
        "Mahabubabad",
        "Mahabubnagar",
        "Mancherial",
        "Medak",
        "Medchal–Malkajgiri",
        "Mulugu",
        "Nagarkurnool",
        "Nalgonda",
        "Narayanpet",
        "Nirmal",
        "Nizamabad",
        "Peddapalli",
        "Rajanna Sircilla",
        "Ranga Reddy",
        "Sangareddy",
        "Siddipet",
        "Suryapet",
        "Vikarabad",
        "Wanaparthy",
        "Warangal",
        "Hanamkonda",
        "Yadadri Bhuvanagiri"
      ],

      "Delhi": [
        "Central Delhi",
        "East Delhi",
        "New Delhi",
        "North Delhi",
        "North East Delhi",
        "North West Delhi",
        "Shahdara",
        "South Delhi",
        "South East Delhi",
        "South West Delhi",
        "West Delhi"
      ]
    }
  },

  "hi": {
    "states": [
      "मध्य प्रदेश",
      "उत्तर प्रदेश",
      "महाराष्ट्र",
      "तेलंगाना",
      "दिल्ली"
    ],
    "districts": {
      "मध्य प्रदेश": [
        "आगर मालवा",
        "अलीराजपुर",
        "अनूपपुर",
        "अशोकनगर",
        "बालाघाट",
        "बड़वानी",
        "बेतूल",
        "भिंड",
        "भोपाल",
        "बुरहानपुर",
        "छतरपुर",
        "छिंदवाड़ा",
        "दमोह",
        "दतिया",
        "देवास",
        "धार",
        "डिंडोरी",
        "गुना",
        "ग्वालियर",
        "हरदा",
        "होशंगाबाद",
        "इंदौर",
        "जबलपुर",
        "झाबुआ",
        "कटनी",
        "खंडवा",
        "खरगोन",
        "मandla",
        "मंदसौर",
        "मुरैना",
        "नरसिंहपुर",
        "नीमच",
        "पन्ना",
        "रायसेन",
        "राजगढ़",
        "रतलाम",
        "रीवा",
        "सागर",
        "सतना",
        "सीहोर",
        "सिवनी",
        "शहडोल",
        "शाजापुर",
        "श्योपुर",
        "शिवपुरी",
        "सीधी",
        "सिंगरौली",
        "टीकमगढ़",
        "उज्जैन",
        "उमरिया",
        "विदिशा"
      ],

      "उत्तर प्रदेश": [
        "आगरा",
        "अलीगढ़",
        "अंबेडकर नगर",
        "अमेठी",
        "अमरोहा",
        "औरैया",
        "अयोध्या",
        "आजमगढ़",
        "बागपत",
        "बहराइच",
        "बलिया",
        "बलरामपुर",
        "बांदा",
        "बाराबंकी",
        "बरेली",
        "बस्ती",
        "भदोही",
        "बिजनौर",
        "बदाऊँ",
        "बुलंदशहर",
        "चंदौली",
        "चित्रकूट",
        "देवरिया",
        "एटा",
        "इटावा",
        "फर्रुखाबाद",
        "फतेहपुर",
        "फिरोजाबाद",
        "गौतम बुद्ध नगर",
        "गाज़ियाबाद",
        "ग़ाज़ीपुर",
        "गोण्डा",
        "गोरखपुर",
        "हमीरपुर",
        "हापुड़",
        "हरदोई",
        "हाथरस",
        "जालौन",
        "जौनपुर",
        "झाँसी",
        "कन्नौज",
        "कानपुर देहात",
        "कानपुर नगर",
        "कासगंज",
        "कौशाम्बी",
        "खीरी",
        "कुशीनगर",
        "ललितपुर",
        "लखनऊ",
        "महराजगंज",
        "महोबा",
        "मैनपुरी",
        "मथुरा",
        "मऊ",
        "मेरठ",
        "मिर्ज़ापुर",
        "मुरादाबाद",
        "मुज़फ्फरनगर",
        "पीलीभीत",
        "प्रतापगढ़",
        "प्रयागराज",
        "रायबरेली",
        "रामपुर",
        "सहारनपुर",
        "संभल",
        "संत कबीर नगर",
        "शाहजहाँपुर",
        "शामली",
        "श्रावस्ती",
        "सिद्धार्थनगर",
        "सीतापुर",
        "सोनभद्र",
        "सुल्तानपुर",
        "उन्नाव",
        "वाराणसी"
      ],

      "महाराष्ट्र": [
        "अहमदनगर",
        "अकोला",
        "अमरावती",
        "औरंगाबाद",
        "बीड",
        "भंडारा",
        "बुलढाणा",
        "चंद्रपुर",
        "धुले",
        "गढ़चिरोली",
        "गोंदिया",
        "हिंगोली",
        "जलगाँव",
        "जालना",
        "कोल्हापुर",
        "लातूर",
        "मुंबई सिटी",
        "मुंबई उपनगर",
        "नागपुर",
        "नांदेड़",
        "नंदुरबार",
        "नाशिक",
        "उस्मानाबाद",
        "पालघर",
        "परभणी",
        "पुणे",
        "रायगढ़",
        "रत्नागिरी",
        "सांगली",
        "सातारा",
        "सिंधुदुर्ग",
        "सोलापुर",
        "ठाणे",
        "वर्धा",
        "वाशीम",
        "यवतमाल"
      ],

      "तेलंगाना": [
        "आदिलाबाद",
        "भद्राद्री कोठागुडेम",
        "हैदराबाद",
        "जगतियाल",
        "जंगांव",
        "जयशंकर भूपालपल्ली",
        "जोगुलाम्बा गडवाल",
        "कामारेड्डी",
        "करीमनगर",
        "खम्मम",
        "कुमारम भीम आसिफाबाद",
        "महबुबाबाद",
        "महबूबनगर",
        "मंचेरियल",
        "मेदक",
        "मेडचल–मलकाजगिरी",
        "मुलुगु",
        "नागरकर्नूल",
        "नलगोंडा",
        "नारायणपेट",
        "निर्मल",
        "निज़ामाबाद",
        "पेद्दापल्ली",
        "राजन्ना सिरसिल्ला",
        "रंगारेड्डी",
        "संगारेड्डी",
        "सिद्दीपेट",
        "सूर्यापेट",
        "विकाराबाद",
        "वनपर्थी",
        "वारंगल",
        "हनमकोंडा",
        "यदाद्री भुवनगिरि"
      ],

      "दिल्ली": [
        "केंद्रीय दिल्ली",
        "पूर्वी दिल्ली",
        "नई दिल्ली",
        "उत्तरी दिल्ली",
        "उत्तर पूर्वी दिल्ली",
        "उत्तर पश्चिम दिल्ली",
        "शाहदरा",
        "दक्षिणी दिल्ली",
        "दक्षिण पूर्वी दिल्ली",
        "दक्षिण पश्चिम दिल्ली",
        "पश्चिमी दिल्ली"
      ]
    }
  }
}
